id;code;nom;prenom;date_naissance;adresse;ville;code_postal;tel;fax;gsm;email
1;reciprocal withdrawa;synthesize compressing;multi-byte Administrateur;2023-06-30;array;envisioneer;94328;engage invoice Grocery;a Aquitaine iterate;online Account global;Axel.Martin89@hotmail.fr
2;a quantify uniform;e-markets a;Cotton;2023-06-30;Taiwan Wooden back-end;Avon online;10334;paradigms transitional Multi-l;parsing orange copying;encoding Canada;Romuald_Jean16@yahoo.fr
3;Proactive;Borders;neural a Avon;2023-06-30;Electronics;aX;35588;Ball client-driven;distributed Avon reboot;withdrawal Wooden;Tonnin_Sanchez86@hotmail.fr
4;Executif invoice;Nauru;b Soap;2023-06-30;feed;b cutting-edge Account;86752;bricks-and-clicks magnetic inv;b silver;reinvent Loan;Avigalle92@yahoo.fr
5;Cheese withdrawal Mo;Savings program hack;Dinar withdrawal navigate;2023-06-30;Kina revolutionary bus;drive;52842;Ruble Corse;schemas cyan;de Mozambique;Fabrice0@gmail.com
6;Ferronnerie bandwidt;supply-chains Berkshire Custom;Buckinghamshire a;2023-06-30;Lorraine Joubert;Iraqi;40711;Berkshire;cXXXXX;Money Outdoors;Camlien.Dubois@yahoo.fr
7;XML generating Leu;Books full-range;parsing Bedfordshire;2023-06-29;JSON up analyzing;User-friendly e-enable turquoi;56724;Cambridgeshire back-end;Consultant online Interface;e-business;Angeline14@yahoo.fr
8;visualize Pants Awes;hierarchy Islande Practical;content Cheese;2023-06-30;Poitou-Charentes paradigms;deposit Ball;85268;a Auto;network program Refined;Networked;Alban.Benoit@hotmail.fr
9;Liban Producteur a;Corse;Tasty;2023-06-30;Keyboard Azerba√Ødjan deposit;Cameroun Saint-Marin;67856;forecast Ball;haptic c Handcrafted;Rial benchmark;Arthur_Garnier@hotmail.fr
10;a SDD a;RAM;Card;2023-06-29;Assistant metrics;Borders Assistant Kina;27371;pink Checking;envisioneer Expanded Cambridge;Industrial Grocery;Oriande28@gmail.com
